{
  "global": {
    "precision": 0.20909090909090908,
    "recall": 0.42857142857142855,
    "f1_score": 0.2810590631364562,
    "total_tp": 69,
    "total_fp": 261,
    "total_fn": 92,
    "total_detections": 330,
    "total_ground_truth": 161
  },
  "by_line": {
    "1": {
      "precision": 0.6470588235294118,
      "recall": 0.4230769230769231,
      "f1_score": 0.5116279069767442,
      "support": 26,
      "tp": 11,
      "fp": 6,
      "fn": 15
    },
    "2": {
      "precision": 0.42857142857142855,
      "recall": 0.375,
      "f1_score": 0.39999999999999997,
      "support": 16,
      "tp": 6,
      "fp": 8,
      "fn": 10
    },
    "3": {
      "precision": 0,
      "recall": 0.0,
      "f1_score": 0,
      "support": 8,
      "tp": 0,
      "fp": 0,
      "fn": 8
    },
    "4": {
      "precision": 0.6,
      "recall": 0.2727272727272727,
      "f1_score": 0.37499999999999994,
      "support": 11,
      "tp": 3,
      "fp": 2,
      "fn": 8
    },
    "5": {
      "precision": 0.5555555555555556,
      "recall": 0.5555555555555556,
      "f1_score": 0.5555555555555556,
      "support": 9,
      "tp": 5,
      "fp": 4,
      "fn": 4
    },
    "6": {
      "precision": 0.1875,
      "recall": 0.42857142857142855,
      "f1_score": 0.26086956521739124,
      "support": 7,
      "tp": 3,
      "fp": 13,
      "fn": 4
    },
    "7": {
      "precision": 0.2777777777777778,
      "recall": 0.625,
      "f1_score": 0.3846153846153846,
      "support": 8,
      "tp": 5,
      "fp": 13,
      "fn": 3
    },
    "8": {
      "precision": 0.10606060606060606,
      "recall": 0.4375,
      "f1_score": 0.17073170731707316,
      "support": 16,
      "tp": 7,
      "fp": 59,
      "fn": 9
    },
    "9": {
      "precision": 0.0,
      "recall": 0.0,
      "f1_score": 0,
      "support": 1,
      "tp": 0,
      "fp": 4,
      "fn": 1
    },
    "10": {
      "precision": 0.7142857142857143,
      "recall": 1.0,
      "f1_score": 0.8333333333333333,
      "support": 5,
      "tp": 5,
      "fp": 2,
      "fn": 0
    },
    "11": {
      "precision": 0.06349206349206349,
      "recall": 0.5,
      "f1_score": 0.11267605633802816,
      "support": 8,
      "tp": 4,
      "fp": 59,
      "fn": 4
    },
    "12": {
      "precision": 0.16071428571428573,
      "recall": 0.47368421052631576,
      "f1_score": 0.24,
      "support": 19,
      "tp": 9,
      "fp": 47,
      "fn": 10
    },
    "13": {
      "precision": 0.25925925925925924,
      "recall": 0.7,
      "f1_score": 0.37837837837837834,
      "support": 10,
      "tp": 7,
      "fp": 20,
      "fn": 3
    },
    "14": {
      "precision": 0.14285714285714285,
      "recall": 0.23529411764705882,
      "f1_score": 0.17777777777777778,
      "support": 17,
      "tp": 4,
      "fp": 24,
      "fn": 13
    }
  }
}